{"episode_rewards": [-1721.6443851030713, -7417.3902990656115, -1731.3521185225256, -4295.773844055204, -3217.0267371766968, -2054.4341725003833, -1837.5198192200783, -2190.960348735961, -1267.9084202063987, -1247.8771485593447, -1481.0741887043796, -945.7104448245736, -940.2133499869926, -1007.9843209509211, -777.0759290428657], "mean": -2142.2630351103335, "std": 1675.2510945270985}