{"episode_rewards": [-8410.318245530241, -4209.262089927602, -4462.382839657655, -6733.48535719166, -1772.0392740765733, -3709.6529453655776, -1276.5275312348658, -3295.2647561872054, -615.1333677573929, -1490.6217527545855, -2362.2471667366417, -976.2771993851997, -435.62706432723684, -1698.9933613276094, -9340.229725809932], "mean": -3385.8708451513317, "std": 2715.167983007316}