{"episode_rewards": [-1233.9214426931758, -104.34321135145147, -1828.9002629443798], "std": 715.2345226464383, "mean": -1055.7216389963357}